port,protocolo,estado,flags
1,tcp,filtrado,
1,udp,abierto|filtrado,
2,tcp,filtrado,
2,udp,abierto|filtrado,
3,tcp,filtrado,
3,udp,abierto|filtrado,
4,tcp,filtrado,
4,udp,abierto|filtrado,
5,tcp,filtrado,
5,udp,abierto|filtrado,
6,tcp,filtrado,
6,udp,abierto|filtrado,
7,tcp,filtrado,
7,udp,abierto|filtrado,
8,tcp,filtrado,
8,udp,abierto|filtrado,
9,tcp,filtrado,
9,udp,abierto|filtrado,
10,tcp,filtrado,
10,udp,abierto|filtrado,
11,tcp,filtrado,
11,udp,abierto|filtrado,
12,tcp,filtrado,
12,udp,abierto|filtrado,
13,tcp,filtrado,
13,udp,abierto|filtrado,
14,tcp,filtrado,
14,udp,abierto|filtrado,
15,tcp,filtrado,
15,udp,abierto|filtrado,
16,tcp,filtrado,
16,udp,abierto|filtrado,
17,tcp,filtrado,
17,udp,abierto|filtrado,
18,tcp,filtrado,
18,udp,abierto|filtrado,
19,tcp,filtrado,
19,udp,abierto|filtrado,
20,tcp,filtrado,
20,udp,abierto|filtrado,
21,tcp,filtrado,
21,udp,abierto|filtrado,
22,tcp,filtrado,
22,udp,abierto|filtrado,
23,tcp,filtrado,
23,udp,abierto|filtrado,
24,tcp,filtrado,
24,udp,abierto|filtrado,
25,tcp,filtrado,
25,udp,abierto|filtrado,
26,tcp,filtrado,
26,udp,abierto|filtrado,
27,tcp,filtrado,
27,udp,abierto|filtrado,
28,tcp,filtrado,
28,udp,abierto|filtrado,
29,tcp,filtrado,
29,udp,abierto|filtrado,
30,tcp,filtrado,
30,udp,abierto|filtrado,
31,tcp,filtrado,
31,udp,abierto|filtrado,
32,tcp,filtrado,
32,udp,abierto|filtrado,
33,tcp,filtrado,
33,udp,abierto|filtrado,
34,tcp,filtrado,
34,udp,abierto|filtrado,
35,tcp,filtrado,
35,udp,abierto|filtrado,
36,tcp,filtrado,
36,udp,abierto|filtrado,
37,tcp,filtrado,
37,udp,abierto|filtrado,
38,tcp,filtrado,
38,udp,abierto|filtrado,
39,tcp,filtrado,
39,udp,abierto|filtrado,
40,tcp,filtrado,
40,udp,abierto|filtrado,
41,tcp,filtrado,
41,udp,abierto|filtrado,
42,tcp,filtrado,
42,udp,abierto|filtrado,
43,tcp,filtrado,
43,udp,abierto|filtrado,
44,tcp,filtrado,
44,udp,abierto|filtrado,
45,tcp,filtrado,
45,udp,abierto|filtrado,
46,tcp,filtrado,
46,udp,abierto|filtrado,
47,tcp,filtrado,
47,udp,abierto|filtrado,
48,tcp,filtrado,
48,udp,abierto|filtrado,
49,tcp,filtrado,
49,udp,abierto|filtrado,
50,tcp,filtrado,
50,udp,abierto|filtrado,
51,tcp,filtrado,
51,udp,abierto|filtrado,
52,tcp,filtrado,
52,udp,abierto|filtrado,
53,tcp,filtrado,
53,udp,abierto|filtrado,
54,tcp,filtrado,
54,udp,abierto|filtrado,
55,tcp,filtrado,
55,udp,abierto|filtrado,
56,tcp,filtrado,
56,udp,abierto|filtrado,
57,tcp,filtrado,
57,udp,abierto|filtrado,
58,tcp,filtrado,
58,udp,abierto|filtrado,
59,tcp,filtrado,
59,udp,abierto|filtrado,
60,tcp,filtrado,
60,udp,abierto|filtrado,
61,tcp,filtrado,
61,udp,abierto|filtrado,
62,tcp,filtrado,
62,udp,abierto|filtrado,
63,tcp,filtrado,
63,udp,abierto|filtrado,
64,tcp,filtrado,
64,udp,abierto|filtrado,
65,tcp,filtrado,
65,udp,abierto|filtrado,
66,tcp,filtrado,
66,udp,abierto|filtrado,
67,tcp,filtrado,
67,udp,abierto|filtrado,
68,tcp,filtrado,
68,udp,abierto|filtrado,
69,tcp,filtrado,
69,udp,abierto|filtrado,
70,tcp,filtrado,
70,udp,abierto|filtrado,
71,tcp,filtrado,
71,udp,abierto|filtrado,
72,tcp,filtrado,
72,udp,abierto|filtrado,
73,tcp,filtrado,
73,udp,abierto|filtrado,
74,tcp,filtrado,
74,udp,abierto|filtrado,
75,tcp,filtrado,
75,udp,abierto|filtrado,
76,tcp,filtrado,
76,udp,abierto|filtrado,
77,tcp,filtrado,
77,udp,abierto|filtrado,
78,tcp,filtrado,
78,udp,abierto|filtrado,
79,tcp,filtrado,
79,udp,abierto|filtrado,
80,tcp,abierto,SA
80,udp,abierto|filtrado,
81,tcp,filtrado,
81,udp,abierto|filtrado,
82,tcp,filtrado,
82,udp,abierto|filtrado,
83,tcp,filtrado,
83,udp,abierto|filtrado,
84,tcp,filtrado,
84,udp,abierto|filtrado,
85,tcp,filtrado,
85,udp,abierto|filtrado,
86,tcp,filtrado,
86,udp,abierto|filtrado,
87,tcp,filtrado,
87,udp,abierto|filtrado,
88,tcp,filtrado,
88,udp,abierto|filtrado,
89,tcp,filtrado,
89,udp,abierto|filtrado,
90,tcp,filtrado,
90,udp,abierto|filtrado,
91,tcp,filtrado,
91,udp,abierto|filtrado,
92,tcp,filtrado,
92,udp,abierto|filtrado,
93,tcp,filtrado,
93,udp,abierto|filtrado,
94,tcp,filtrado,
94,udp,abierto|filtrado,
95,tcp,filtrado,
95,udp,abierto|filtrado,
96,tcp,filtrado,
96,udp,abierto|filtrado,
97,tcp,filtrado,
97,udp,abierto|filtrado,
98,tcp,filtrado,
98,udp,abierto|filtrado,
99,tcp,filtrado,
99,udp,abierto|filtrado,
100,tcp,filtrado,
100,udp,abierto|filtrado,
101,tcp,filtrado,
101,udp,abierto|filtrado,
102,tcp,filtrado,
102,udp,abierto|filtrado,
103,tcp,filtrado,
103,udp,abierto|filtrado,
104,tcp,filtrado,
104,udp,abierto|filtrado,
105,tcp,filtrado,
105,udp,abierto|filtrado,
106,tcp,filtrado,
106,udp,abierto|filtrado,
107,tcp,filtrado,
107,udp,abierto|filtrado,
108,tcp,filtrado,
108,udp,abierto|filtrado,
109,tcp,filtrado,
109,udp,abierto|filtrado,
110,tcp,filtrado,
110,udp,abierto|filtrado,
111,tcp,filtrado,
111,udp,abierto|filtrado,
112,tcp,filtrado,
112,udp,abierto|filtrado,
113,tcp,filtrado,
113,udp,abierto|filtrado,
114,tcp,filtrado,
114,udp,abierto|filtrado,
115,tcp,filtrado,
115,udp,abierto|filtrado,
116,tcp,filtrado,
116,udp,abierto|filtrado,
117,tcp,filtrado,
117,udp,abierto|filtrado,
118,tcp,filtrado,
118,udp,abierto|filtrado,
119,tcp,filtrado,
119,udp,abierto|filtrado,
120,tcp,filtrado,
120,udp,abierto|filtrado,
121,tcp,filtrado,
121,udp,abierto|filtrado,
122,tcp,filtrado,
122,udp,abierto|filtrado,
123,tcp,filtrado,
123,udp,abierto|filtrado,
124,tcp,filtrado,
124,udp,abierto|filtrado,
125,tcp,filtrado,
125,udp,abierto|filtrado,
126,tcp,filtrado,
126,udp,abierto|filtrado,
127,tcp,filtrado,
127,udp,abierto|filtrado,
128,tcp,filtrado,
128,udp,abierto|filtrado,
129,tcp,filtrado,
129,udp,abierto|filtrado,
130,tcp,filtrado,
130,udp,abierto|filtrado,
131,tcp,filtrado,
131,udp,abierto|filtrado,
132,tcp,filtrado,
132,udp,abierto|filtrado,
133,tcp,filtrado,
133,udp,abierto|filtrado,
134,tcp,filtrado,
134,udp,abierto|filtrado,
135,tcp,filtrado,
135,udp,abierto|filtrado,
136,tcp,filtrado,
136,udp,abierto|filtrado,
137,tcp,filtrado,
137,udp,abierto|filtrado,
138,tcp,filtrado,
138,udp,abierto|filtrado,
139,tcp,filtrado,
139,udp,abierto|filtrado,
140,tcp,filtrado,
140,udp,abierto|filtrado,
141,tcp,filtrado,
141,udp,abierto|filtrado,
142,tcp,filtrado,
142,udp,abierto|filtrado,
143,tcp,filtrado,
143,udp,abierto|filtrado,
144,tcp,filtrado,
144,udp,abierto|filtrado,
145,tcp,filtrado,
145,udp,abierto|filtrado,
146,tcp,filtrado,
146,udp,abierto|filtrado,
147,tcp,filtrado,
147,udp,abierto|filtrado,
148,tcp,filtrado,
148,udp,abierto|filtrado,
149,tcp,filtrado,
149,udp,abierto|filtrado,
150,tcp,filtrado,
150,udp,abierto|filtrado,
151,tcp,filtrado,
151,udp,abierto|filtrado,
152,tcp,filtrado,
152,udp,abierto|filtrado,
153,tcp,filtrado,
153,udp,abierto|filtrado,
154,tcp,filtrado,
154,udp,abierto|filtrado,
155,tcp,filtrado,
155,udp,abierto|filtrado,
156,tcp,filtrado,
156,udp,abierto|filtrado,
157,tcp,filtrado,
157,udp,abierto|filtrado,
158,tcp,filtrado,
158,udp,abierto|filtrado,
159,tcp,filtrado,
159,udp,abierto|filtrado,
160,tcp,filtrado,
160,udp,abierto|filtrado,
161,tcp,filtrado,
161,udp,abierto|filtrado,
162,tcp,filtrado,
162,udp,abierto|filtrado,
163,tcp,filtrado,
163,udp,abierto|filtrado,
164,tcp,filtrado,
164,udp,abierto|filtrado,
165,tcp,filtrado,
165,udp,abierto|filtrado,
166,tcp,filtrado,
166,udp,abierto|filtrado,
167,tcp,filtrado,
167,udp,abierto|filtrado,
168,tcp,filtrado,
168,udp,abierto|filtrado,
169,tcp,filtrado,
169,udp,abierto|filtrado,
170,tcp,filtrado,
170,udp,abierto|filtrado,
171,tcp,filtrado,
171,udp,abierto|filtrado,
172,tcp,filtrado,
172,udp,abierto|filtrado,
173,tcp,filtrado,
173,udp,abierto|filtrado,
174,tcp,filtrado,
174,udp,abierto|filtrado,
175,tcp,filtrado,
175,udp,abierto|filtrado,
176,tcp,filtrado,
176,udp,abierto|filtrado,
177,tcp,filtrado,
177,udp,abierto|filtrado,
178,tcp,filtrado,
178,udp,abierto|filtrado,
179,tcp,filtrado,
179,udp,abierto|filtrado,
180,tcp,filtrado,
180,udp,abierto|filtrado,
181,tcp,filtrado,
181,udp,abierto|filtrado,
182,tcp,filtrado,
182,udp,abierto|filtrado,
183,tcp,filtrado,
183,udp,abierto|filtrado,
184,tcp,filtrado,
184,udp,abierto|filtrado,
185,tcp,filtrado,
185,udp,abierto|filtrado,
186,tcp,filtrado,
186,udp,abierto|filtrado,
187,tcp,filtrado,
187,udp,abierto|filtrado,
188,tcp,filtrado,
188,udp,abierto|filtrado,
189,tcp,filtrado,
189,udp,abierto|filtrado,
190,tcp,filtrado,
190,udp,abierto|filtrado,
191,tcp,filtrado,
191,udp,abierto|filtrado,
192,tcp,filtrado,
192,udp,abierto|filtrado,
193,tcp,filtrado,
193,udp,abierto|filtrado,
194,tcp,filtrado,
194,udp,abierto|filtrado,
195,tcp,filtrado,
195,udp,abierto|filtrado,
196,tcp,filtrado,
196,udp,abierto|filtrado,
197,tcp,filtrado,
197,udp,abierto|filtrado,
198,tcp,filtrado,
198,udp,abierto|filtrado,
199,tcp,filtrado,
199,udp,abierto|filtrado,
200,tcp,filtrado,
200,udp,abierto|filtrado,
201,tcp,filtrado,
201,udp,abierto|filtrado,
202,tcp,filtrado,
202,udp,abierto|filtrado,
203,tcp,filtrado,
203,udp,abierto|filtrado,
204,tcp,filtrado,
204,udp,abierto|filtrado,
205,tcp,filtrado,
205,udp,abierto|filtrado,
206,tcp,filtrado,
206,udp,abierto|filtrado,
207,tcp,filtrado,
207,udp,abierto|filtrado,
208,tcp,filtrado,
208,udp,abierto|filtrado,
209,tcp,filtrado,
209,udp,abierto|filtrado,
210,tcp,filtrado,
210,udp,abierto|filtrado,
211,tcp,filtrado,
211,udp,abierto|filtrado,
212,tcp,filtrado,
212,udp,abierto|filtrado,
213,tcp,filtrado,
213,udp,abierto|filtrado,
214,tcp,filtrado,
214,udp,abierto|filtrado,
215,tcp,filtrado,
215,udp,abierto|filtrado,
216,tcp,filtrado,
216,udp,abierto|filtrado,
217,tcp,filtrado,
217,udp,abierto|filtrado,
218,tcp,filtrado,
218,udp,abierto|filtrado,
219,tcp,filtrado,
219,udp,abierto|filtrado,
220,tcp,filtrado,
220,udp,abierto|filtrado,
221,tcp,filtrado,
221,udp,abierto|filtrado,
222,tcp,filtrado,
222,udp,abierto|filtrado,
223,tcp,filtrado,
223,udp,abierto|filtrado,
224,tcp,filtrado,
224,udp,abierto|filtrado,
225,tcp,filtrado,
225,udp,abierto|filtrado,
226,tcp,filtrado,
226,udp,abierto|filtrado,
227,tcp,filtrado,
227,udp,abierto|filtrado,
228,tcp,filtrado,
228,udp,abierto|filtrado,
229,tcp,filtrado,
229,udp,abierto|filtrado,
230,tcp,filtrado,
230,udp,abierto|filtrado,
231,tcp,filtrado,
231,udp,abierto|filtrado,
232,tcp,filtrado,
232,udp,abierto|filtrado,
233,tcp,filtrado,
233,udp,abierto|filtrado,
234,tcp,filtrado,
234,udp,abierto|filtrado,
235,tcp,filtrado,
235,udp,abierto|filtrado,
236,tcp,filtrado,
236,udp,abierto|filtrado,
237,tcp,filtrado,
237,udp,abierto|filtrado,
238,tcp,filtrado,
238,udp,abierto|filtrado,
239,tcp,filtrado,
239,udp,abierto|filtrado,
240,tcp,filtrado,
240,udp,abierto|filtrado,
241,tcp,filtrado,
241,udp,abierto|filtrado,
242,tcp,filtrado,
242,udp,abierto|filtrado,
243,tcp,filtrado,
243,udp,abierto|filtrado,
244,tcp,filtrado,
244,udp,abierto|filtrado,
245,tcp,filtrado,
245,udp,abierto|filtrado,
246,tcp,filtrado,
246,udp,abierto|filtrado,
247,tcp,filtrado,
247,udp,abierto|filtrado,
248,tcp,filtrado,
248,udp,abierto|filtrado,
249,tcp,filtrado,
249,udp,abierto|filtrado,
250,tcp,filtrado,
250,udp,abierto|filtrado,
251,tcp,filtrado,
251,udp,abierto|filtrado,
252,tcp,filtrado,
252,udp,abierto|filtrado,
253,tcp,filtrado,
253,udp,abierto|filtrado,
254,tcp,filtrado,
254,udp,abierto|filtrado,
255,tcp,filtrado,
255,udp,abierto|filtrado,
256,tcp,filtrado,
256,udp,abierto|filtrado,
257,tcp,filtrado,
257,udp,abierto|filtrado,
258,tcp,filtrado,
258,udp,abierto|filtrado,
259,tcp,filtrado,
259,udp,abierto|filtrado,
260,tcp,filtrado,
260,udp,abierto|filtrado,
261,tcp,filtrado,
261,udp,abierto|filtrado,
262,tcp,filtrado,
262,udp,abierto|filtrado,
263,tcp,filtrado,
263,udp,abierto|filtrado,
264,tcp,filtrado,
264,udp,abierto|filtrado,
265,tcp,filtrado,
265,udp,abierto|filtrado,
266,tcp,filtrado,
266,udp,abierto|filtrado,
267,tcp,filtrado,
267,udp,abierto|filtrado,
268,tcp,filtrado,
268,udp,abierto|filtrado,
269,tcp,filtrado,
269,udp,abierto|filtrado,
270,tcp,filtrado,
270,udp,abierto|filtrado,
271,tcp,filtrado,
271,udp,abierto|filtrado,
272,tcp,filtrado,
272,udp,abierto|filtrado,
273,tcp,filtrado,
273,udp,abierto|filtrado,
274,tcp,filtrado,
274,udp,abierto|filtrado,
275,tcp,filtrado,
275,udp,abierto|filtrado,
276,tcp,filtrado,
276,udp,abierto|filtrado,
277,tcp,filtrado,
277,udp,abierto|filtrado,
278,tcp,filtrado,
278,udp,abierto|filtrado,
279,tcp,filtrado,
279,udp,abierto|filtrado,
280,tcp,filtrado,
280,udp,abierto|filtrado,
281,tcp,filtrado,
281,udp,abierto|filtrado,
282,tcp,filtrado,
282,udp,abierto|filtrado,
283,tcp,filtrado,
283,udp,abierto|filtrado,
284,tcp,filtrado,
284,udp,abierto|filtrado,
285,tcp,filtrado,
285,udp,abierto|filtrado,
286,tcp,filtrado,
286,udp,abierto|filtrado,
287,tcp,filtrado,
287,udp,abierto|filtrado,
288,tcp,filtrado,
288,udp,abierto|filtrado,
289,tcp,filtrado,
289,udp,abierto|filtrado,
290,tcp,filtrado,
290,udp,abierto|filtrado,
291,tcp,filtrado,
291,udp,abierto|filtrado,
292,tcp,filtrado,
292,udp,abierto|filtrado,
293,tcp,filtrado,
293,udp,abierto|filtrado,
294,tcp,filtrado,
294,udp,abierto|filtrado,
295,tcp,filtrado,
295,udp,abierto|filtrado,
296,tcp,filtrado,
296,udp,abierto|filtrado,
297,tcp,filtrado,
297,udp,abierto|filtrado,
298,tcp,filtrado,
298,udp,abierto|filtrado,
299,tcp,filtrado,
299,udp,abierto|filtrado,
300,tcp,filtrado,
300,udp,abierto|filtrado,
301,tcp,filtrado,
301,udp,abierto|filtrado,
302,tcp,filtrado,
302,udp,abierto|filtrado,
303,tcp,filtrado,
303,udp,abierto|filtrado,
304,tcp,filtrado,
304,udp,abierto|filtrado,
305,tcp,filtrado,
305,udp,abierto|filtrado,
306,tcp,filtrado,
306,udp,abierto|filtrado,
307,tcp,filtrado,
307,udp,abierto|filtrado,
308,tcp,filtrado,
308,udp,abierto|filtrado,
309,tcp,filtrado,
309,udp,abierto|filtrado,
310,tcp,filtrado,
310,udp,abierto|filtrado,
311,tcp,filtrado,
311,udp,abierto|filtrado,
312,tcp,filtrado,
312,udp,abierto|filtrado,
313,tcp,filtrado,
313,udp,abierto|filtrado,
314,tcp,filtrado,
314,udp,abierto|filtrado,
315,tcp,filtrado,
315,udp,abierto|filtrado,
316,tcp,filtrado,
316,udp,abierto|filtrado,
317,tcp,filtrado,
317,udp,abierto|filtrado,
318,tcp,filtrado,
318,udp,abierto|filtrado,
319,tcp,filtrado,
319,udp,abierto|filtrado,
320,tcp,filtrado,
320,udp,abierto|filtrado,
321,tcp,filtrado,
321,udp,abierto|filtrado,
322,tcp,filtrado,
322,udp,abierto|filtrado,
323,tcp,filtrado,
323,udp,abierto|filtrado,
324,tcp,filtrado,
324,udp,abierto|filtrado,
325,tcp,filtrado,
325,udp,abierto|filtrado,
326,tcp,filtrado,
326,udp,abierto|filtrado,
327,tcp,filtrado,
327,udp,abierto|filtrado,
328,tcp,filtrado,
328,udp,abierto|filtrado,
329,tcp,filtrado,
329,udp,abierto|filtrado,
330,tcp,filtrado,
330,udp,abierto|filtrado,
331,tcp,filtrado,
331,udp,abierto|filtrado,
332,tcp,filtrado,
332,udp,abierto|filtrado,
333,tcp,filtrado,
333,udp,abierto|filtrado,
334,tcp,filtrado,
334,udp,abierto|filtrado,
335,tcp,filtrado,
335,udp,abierto|filtrado,
336,tcp,filtrado,
336,udp,abierto|filtrado,
337,tcp,filtrado,
337,udp,abierto|filtrado,
338,tcp,filtrado,
338,udp,abierto|filtrado,
339,tcp,filtrado,
339,udp,abierto|filtrado,
340,tcp,filtrado,
340,udp,abierto|filtrado,
341,tcp,filtrado,
341,udp,abierto|filtrado,
342,tcp,filtrado,
342,udp,abierto|filtrado,
343,tcp,filtrado,
343,udp,abierto|filtrado,
344,tcp,filtrado,
344,udp,abierto|filtrado,
345,tcp,filtrado,
345,udp,abierto|filtrado,
346,tcp,filtrado,
346,udp,abierto|filtrado,
347,tcp,filtrado,
347,udp,abierto|filtrado,
348,tcp,filtrado,
348,udp,abierto|filtrado,
349,tcp,filtrado,
349,udp,abierto|filtrado,
350,tcp,filtrado,
350,udp,abierto|filtrado,
351,tcp,filtrado,
351,udp,abierto|filtrado,
352,tcp,filtrado,
352,udp,abierto|filtrado,
353,tcp,filtrado,
353,udp,abierto|filtrado,
354,tcp,filtrado,
354,udp,abierto|filtrado,
355,tcp,filtrado,
355,udp,abierto|filtrado,
356,tcp,filtrado,
356,udp,abierto|filtrado,
357,tcp,filtrado,
357,udp,abierto|filtrado,
358,tcp,filtrado,
358,udp,abierto|filtrado,
359,tcp,filtrado,
359,udp,abierto|filtrado,
360,tcp,filtrado,
360,udp,abierto|filtrado,
361,tcp,filtrado,
361,udp,abierto|filtrado,
362,tcp,filtrado,
362,udp,abierto|filtrado,
363,tcp,filtrado,
363,udp,abierto|filtrado,
364,tcp,filtrado,
364,udp,abierto|filtrado,
365,tcp,filtrado,
365,udp,abierto|filtrado,
366,tcp,filtrado,
366,udp,abierto|filtrado,
367,tcp,filtrado,
367,udp,abierto|filtrado,
368,tcp,filtrado,
368,udp,abierto|filtrado,
369,tcp,filtrado,
369,udp,abierto|filtrado,
370,tcp,filtrado,
370,udp,abierto|filtrado,
371,tcp,filtrado,
371,udp,abierto|filtrado,
372,tcp,filtrado,
372,udp,abierto|filtrado,
373,tcp,filtrado,
373,udp,abierto|filtrado,
374,tcp,filtrado,
374,udp,abierto|filtrado,
375,tcp,filtrado,
375,udp,abierto|filtrado,
376,tcp,filtrado,
376,udp,abierto|filtrado,
377,tcp,filtrado,
377,udp,abierto|filtrado,
378,tcp,filtrado,
378,udp,abierto|filtrado,
379,tcp,filtrado,
379,udp,abierto|filtrado,
380,tcp,filtrado,
380,udp,abierto|filtrado,
381,tcp,filtrado,
381,udp,abierto|filtrado,
382,tcp,filtrado,
382,udp,abierto|filtrado,
383,tcp,filtrado,
383,udp,abierto|filtrado,
384,tcp,filtrado,
384,udp,abierto|filtrado,
385,tcp,filtrado,
385,udp,abierto|filtrado,
386,tcp,filtrado,
386,udp,abierto|filtrado,
387,tcp,filtrado,
387,udp,abierto|filtrado,
388,tcp,filtrado,
388,udp,abierto|filtrado,
389,tcp,filtrado,
389,udp,abierto|filtrado,
390,tcp,filtrado,
390,udp,abierto|filtrado,
391,tcp,filtrado,
391,udp,abierto|filtrado,
392,tcp,filtrado,
392,udp,abierto|filtrado,
393,tcp,filtrado,
393,udp,abierto|filtrado,
394,tcp,filtrado,
394,udp,abierto|filtrado,
395,tcp,filtrado,
395,udp,abierto|filtrado,
396,tcp,filtrado,
396,udp,abierto|filtrado,
397,tcp,filtrado,
397,udp,abierto|filtrado,
398,tcp,filtrado,
398,udp,abierto|filtrado,
399,tcp,filtrado,
399,udp,abierto|filtrado,
400,tcp,filtrado,
400,udp,abierto|filtrado,
401,tcp,filtrado,
401,udp,abierto|filtrado,
402,tcp,filtrado,
402,udp,abierto|filtrado,
403,tcp,filtrado,
403,udp,abierto|filtrado,
404,tcp,filtrado,
404,udp,abierto|filtrado,
405,tcp,filtrado,
405,udp,abierto|filtrado,
406,tcp,filtrado,
406,udp,abierto|filtrado,
407,tcp,filtrado,
407,udp,abierto|filtrado,
408,tcp,filtrado,
408,udp,abierto|filtrado,
409,tcp,filtrado,
409,udp,abierto|filtrado,
410,tcp,filtrado,
410,udp,abierto|filtrado,
411,tcp,filtrado,
411,udp,abierto|filtrado,
412,tcp,filtrado,
412,udp,abierto|filtrado,
413,tcp,filtrado,
413,udp,abierto|filtrado,
414,tcp,filtrado,
414,udp,abierto|filtrado,
415,tcp,filtrado,
415,udp,abierto|filtrado,
416,tcp,filtrado,
416,udp,abierto|filtrado,
417,tcp,filtrado,
417,udp,abierto|filtrado,
418,tcp,filtrado,
418,udp,abierto|filtrado,
419,tcp,filtrado,
419,udp,abierto|filtrado,
420,tcp,filtrado,
420,udp,abierto|filtrado,
421,tcp,filtrado,
421,udp,abierto|filtrado,
422,tcp,filtrado,
422,udp,abierto|filtrado,
423,tcp,filtrado,
423,udp,abierto|filtrado,
424,tcp,filtrado,
424,udp,abierto|filtrado,
425,tcp,filtrado,
425,udp,abierto|filtrado,
426,tcp,filtrado,
426,udp,abierto|filtrado,
427,tcp,filtrado,
427,udp,abierto|filtrado,
428,tcp,filtrado,
428,udp,abierto|filtrado,
429,tcp,filtrado,
429,udp,abierto|filtrado,
430,tcp,filtrado,
430,udp,abierto|filtrado,
431,tcp,filtrado,
431,udp,abierto|filtrado,
432,tcp,filtrado,
432,udp,abierto|filtrado,
433,tcp,filtrado,
433,udp,abierto|filtrado,
434,tcp,filtrado,
434,udp,abierto|filtrado,
435,tcp,filtrado,
435,udp,abierto|filtrado,
436,tcp,filtrado,
436,udp,abierto|filtrado,
437,tcp,filtrado,
437,udp,abierto|filtrado,
438,tcp,filtrado,
438,udp,abierto|filtrado,
439,tcp,filtrado,
439,udp,abierto|filtrado,
440,tcp,filtrado,
440,udp,abierto|filtrado,
441,tcp,filtrado,
441,udp,abierto|filtrado,
442,tcp,filtrado,
442,udp,abierto|filtrado,
443,tcp,abierto,SA
443,udp,abierto|filtrado,
444,tcp,filtrado,
444,udp,abierto|filtrado,
445,tcp,filtrado,
445,udp,abierto|filtrado,
446,tcp,filtrado,
446,udp,abierto|filtrado,
447,tcp,filtrado,
447,udp,abierto|filtrado,
448,tcp,filtrado,
448,udp,abierto|filtrado,
449,tcp,filtrado,
449,udp,abierto|filtrado,
450,tcp,filtrado,
450,udp,abierto|filtrado,
451,tcp,filtrado,
451,udp,abierto|filtrado,
452,tcp,filtrado,
452,udp,abierto|filtrado,
453,tcp,filtrado,
453,udp,abierto|filtrado,
454,tcp,filtrado,
454,udp,abierto|filtrado,
455,tcp,filtrado,
455,udp,abierto|filtrado,
456,tcp,filtrado,
456,udp,abierto|filtrado,
457,tcp,filtrado,
457,udp,abierto|filtrado,
458,tcp,filtrado,
458,udp,abierto|filtrado,
459,tcp,filtrado,
459,udp,abierto|filtrado,
460,tcp,filtrado,
460,udp,abierto|filtrado,
461,tcp,filtrado,
461,udp,abierto|filtrado,
462,tcp,filtrado,
462,udp,abierto|filtrado,
463,tcp,filtrado,
463,udp,abierto|filtrado,
464,tcp,filtrado,
464,udp,abierto|filtrado,
465,tcp,filtrado,
465,udp,abierto|filtrado,
466,tcp,filtrado,
466,udp,abierto|filtrado,
467,tcp,filtrado,
467,udp,abierto|filtrado,
468,tcp,filtrado,
468,udp,abierto|filtrado,
469,tcp,filtrado,
469,udp,abierto|filtrado,
470,tcp,filtrado,
470,udp,abierto|filtrado,
471,tcp,filtrado,
471,udp,abierto|filtrado,
472,tcp,filtrado,
472,udp,abierto|filtrado,
473,tcp,filtrado,
473,udp,abierto|filtrado,
474,tcp,filtrado,
474,udp,abierto|filtrado,
475,tcp,filtrado,
475,udp,abierto|filtrado,
476,tcp,filtrado,
476,udp,abierto|filtrado,
477,tcp,filtrado,
477,udp,abierto|filtrado,
478,tcp,filtrado,
478,udp,abierto|filtrado,
479,tcp,filtrado,
479,udp,abierto|filtrado,
480,tcp,filtrado,
480,udp,abierto|filtrado,
481,tcp,filtrado,
481,udp,abierto|filtrado,
482,tcp,filtrado,
482,udp,abierto|filtrado,
483,tcp,filtrado,
483,udp,abierto|filtrado,
484,tcp,filtrado,
484,udp,abierto|filtrado,
485,tcp,filtrado,
485,udp,abierto|filtrado,
486,tcp,filtrado,
486,udp,abierto|filtrado,
487,tcp,filtrado,
487,udp,abierto|filtrado,
488,tcp,filtrado,
488,udp,abierto|filtrado,
489,tcp,filtrado,
489,udp,abierto|filtrado,
490,tcp,filtrado,
490,udp,abierto|filtrado,
491,tcp,filtrado,
491,udp,abierto|filtrado,
492,tcp,filtrado,
492,udp,abierto|filtrado,
493,tcp,filtrado,
493,udp,abierto|filtrado,
494,tcp,filtrado,
494,udp,abierto|filtrado,
495,tcp,filtrado,
495,udp,abierto|filtrado,
496,tcp,filtrado,
496,udp,abierto|filtrado,
497,tcp,filtrado,
497,udp,abierto|filtrado,
498,tcp,filtrado,
498,udp,abierto|filtrado,
499,tcp,filtrado,
499,udp,abierto|filtrado,
500,tcp,filtrado,
500,udp,abierto|filtrado,
501,tcp,filtrado,
501,udp,abierto|filtrado,
502,tcp,filtrado,
502,udp,abierto|filtrado,
503,tcp,filtrado,
503,udp,abierto|filtrado,
504,tcp,filtrado,
504,udp,abierto|filtrado,
505,tcp,filtrado,
505,udp,abierto|filtrado,
506,tcp,filtrado,
506,udp,abierto|filtrado,
507,tcp,filtrado,
507,udp,abierto|filtrado,
508,tcp,filtrado,
508,udp,abierto|filtrado,
509,tcp,filtrado,
509,udp,abierto|filtrado,
510,tcp,filtrado,
510,udp,abierto|filtrado,
511,tcp,filtrado,
511,udp,abierto|filtrado,
512,tcp,filtrado,
512,udp,abierto|filtrado,
513,tcp,filtrado,
513,udp,abierto|filtrado,
514,tcp,filtrado,
514,udp,abierto|filtrado,
515,tcp,filtrado,
515,udp,abierto|filtrado,
516,tcp,filtrado,
516,udp,abierto|filtrado,
517,tcp,filtrado,
517,udp,abierto|filtrado,
518,tcp,filtrado,
518,udp,abierto|filtrado,
519,tcp,filtrado,
519,udp,abierto|filtrado,
520,tcp,filtrado,
520,udp,abierto|filtrado,
521,tcp,filtrado,
521,udp,abierto|filtrado,
522,tcp,filtrado,
522,udp,abierto|filtrado,
523,tcp,filtrado,
523,udp,abierto|filtrado,
524,tcp,filtrado,
524,udp,abierto|filtrado,
525,tcp,filtrado,
525,udp,abierto|filtrado,
526,tcp,filtrado,
526,udp,abierto|filtrado,
527,tcp,filtrado,
527,udp,abierto|filtrado,
528,tcp,filtrado,
528,udp,abierto|filtrado,
529,tcp,filtrado,
529,udp,abierto|filtrado,
530,tcp,filtrado,
530,udp,abierto|filtrado,
531,tcp,filtrado,
531,udp,abierto|filtrado,
532,tcp,filtrado,
532,udp,abierto|filtrado,
533,tcp,filtrado,
533,udp,abierto|filtrado,
534,tcp,filtrado,
534,udp,abierto|filtrado,
535,tcp,filtrado,
535,udp,abierto|filtrado,
536,tcp,filtrado,
536,udp,abierto|filtrado,
537,tcp,filtrado,
537,udp,abierto|filtrado,
538,tcp,filtrado,
538,udp,abierto|filtrado,
539,tcp,filtrado,
539,udp,abierto|filtrado,
540,tcp,filtrado,
540,udp,abierto|filtrado,
541,tcp,filtrado,
541,udp,abierto|filtrado,
542,tcp,filtrado,
542,udp,abierto|filtrado,
543,tcp,filtrado,
543,udp,abierto|filtrado,
544,tcp,filtrado,
544,udp,abierto|filtrado,
545,tcp,filtrado,
545,udp,abierto|filtrado,
546,tcp,filtrado,
546,udp,abierto|filtrado,
547,tcp,filtrado,
547,udp,abierto|filtrado,
548,tcp,filtrado,
548,udp,abierto|filtrado,
549,tcp,filtrado,
549,udp,abierto|filtrado,
550,tcp,filtrado,
550,udp,abierto|filtrado,
551,tcp,filtrado,
551,udp,abierto|filtrado,
552,tcp,filtrado,
552,udp,abierto|filtrado,
553,tcp,filtrado,
553,udp,abierto|filtrado,
554,tcp,filtrado,
554,udp,abierto|filtrado,
555,tcp,filtrado,
555,udp,abierto|filtrado,
556,tcp,filtrado,
556,udp,abierto|filtrado,
557,tcp,filtrado,
557,udp,abierto|filtrado,
558,tcp,filtrado,
558,udp,abierto|filtrado,
559,tcp,filtrado,
559,udp,abierto|filtrado,
560,tcp,filtrado,
560,udp,abierto|filtrado,
561,tcp,filtrado,
561,udp,abierto|filtrado,
562,tcp,filtrado,
562,udp,abierto|filtrado,
563,tcp,filtrado,
563,udp,abierto|filtrado,
564,tcp,filtrado,
564,udp,abierto|filtrado,
565,tcp,filtrado,
565,udp,abierto|filtrado,
566,tcp,filtrado,
566,udp,abierto|filtrado,
567,tcp,filtrado,
567,udp,abierto|filtrado,
568,tcp,filtrado,
568,udp,abierto|filtrado,
569,tcp,filtrado,
569,udp,abierto|filtrado,
570,tcp,filtrado,
570,udp,abierto|filtrado,
571,tcp,filtrado,
571,udp,abierto|filtrado,
572,tcp,filtrado,
572,udp,abierto|filtrado,
573,tcp,filtrado,
573,udp,abierto|filtrado,
574,tcp,filtrado,
574,udp,abierto|filtrado,
575,tcp,filtrado,
575,udp,abierto|filtrado,
576,tcp,filtrado,
576,udp,abierto|filtrado,
577,tcp,filtrado,
577,udp,abierto|filtrado,
578,tcp,filtrado,
578,udp,abierto|filtrado,
579,tcp,filtrado,
579,udp,abierto|filtrado,
580,tcp,filtrado,
580,udp,abierto|filtrado,
581,tcp,filtrado,
581,udp,abierto|filtrado,
582,tcp,filtrado,
582,udp,abierto|filtrado,
583,tcp,filtrado,
583,udp,abierto|filtrado,
584,tcp,filtrado,
584,udp,abierto|filtrado,
585,tcp,filtrado,
585,udp,abierto|filtrado,
586,tcp,filtrado,
586,udp,abierto|filtrado,
587,tcp,filtrado,
587,udp,abierto|filtrado,
588,tcp,filtrado,
588,udp,abierto|filtrado,
589,tcp,filtrado,
589,udp,abierto|filtrado,
590,tcp,filtrado,
590,udp,abierto|filtrado,
591,tcp,filtrado,
591,udp,abierto|filtrado,
592,tcp,filtrado,
592,udp,abierto|filtrado,
593,tcp,filtrado,
593,udp,abierto|filtrado,
594,tcp,filtrado,
594,udp,abierto|filtrado,
595,tcp,filtrado,
595,udp,abierto|filtrado,
596,tcp,filtrado,
596,udp,abierto|filtrado,
597,tcp,filtrado,
597,udp,abierto|filtrado,
598,tcp,filtrado,
598,udp,abierto|filtrado,
599,tcp,filtrado,
599,udp,abierto|filtrado,
600,tcp,filtrado,
600,udp,abierto|filtrado,
601,tcp,filtrado,
601,udp,abierto|filtrado,
602,tcp,filtrado,
602,udp,abierto|filtrado,
603,tcp,filtrado,
603,udp,abierto|filtrado,
604,tcp,filtrado,
604,udp,abierto|filtrado,
605,tcp,filtrado,
605,udp,abierto|filtrado,
606,tcp,filtrado,
606,udp,abierto|filtrado,
607,tcp,filtrado,
607,udp,abierto|filtrado,
608,tcp,filtrado,
608,udp,abierto|filtrado,
609,tcp,filtrado,
609,udp,abierto|filtrado,
610,tcp,filtrado,
610,udp,abierto|filtrado,
611,tcp,filtrado,
611,udp,abierto|filtrado,
612,tcp,filtrado,
612,udp,abierto|filtrado,
613,tcp,filtrado,
613,udp,abierto|filtrado,
614,tcp,filtrado,
614,udp,abierto|filtrado,
615,tcp,filtrado,
615,udp,abierto|filtrado,
616,tcp,filtrado,
616,udp,abierto|filtrado,
617,tcp,filtrado,
617,udp,abierto|filtrado,
618,tcp,filtrado,
618,udp,abierto|filtrado,
619,tcp,filtrado,
619,udp,abierto|filtrado,
620,tcp,filtrado,
620,udp,abierto|filtrado,
621,tcp,filtrado,
621,udp,abierto|filtrado,
622,tcp,filtrado,
622,udp,abierto|filtrado,
623,tcp,filtrado,
623,udp,abierto|filtrado,
624,tcp,filtrado,
624,udp,abierto|filtrado,
625,tcp,filtrado,
625,udp,abierto|filtrado,
626,tcp,filtrado,
626,udp,abierto|filtrado,
627,tcp,filtrado,
627,udp,abierto|filtrado,
628,tcp,filtrado,
628,udp,abierto|filtrado,
629,tcp,filtrado,
629,udp,abierto|filtrado,
630,tcp,filtrado,
630,udp,abierto|filtrado,
631,tcp,filtrado,
631,udp,abierto|filtrado,
632,tcp,filtrado,
632,udp,abierto|filtrado,
633,tcp,filtrado,
633,udp,abierto|filtrado,
634,tcp,filtrado,
634,udp,abierto|filtrado,
635,tcp,filtrado,
635,udp,abierto|filtrado,
636,tcp,filtrado,
636,udp,abierto|filtrado,
637,tcp,filtrado,
637,udp,abierto|filtrado,
638,tcp,filtrado,
638,udp,abierto|filtrado,
639,tcp,filtrado,
639,udp,abierto|filtrado,
640,tcp,filtrado,
640,udp,abierto|filtrado,
641,tcp,filtrado,
641,udp,abierto|filtrado,
642,tcp,filtrado,
642,udp,abierto|filtrado,
643,tcp,filtrado,
643,udp,abierto|filtrado,
644,tcp,filtrado,
644,udp,abierto|filtrado,
645,tcp,filtrado,
645,udp,abierto|filtrado,
646,tcp,filtrado,
646,udp,abierto|filtrado,
647,tcp,filtrado,
647,udp,abierto|filtrado,
648,tcp,filtrado,
648,udp,abierto|filtrado,
649,tcp,filtrado,
649,udp,abierto|filtrado,
650,tcp,filtrado,
650,udp,abierto|filtrado,
651,tcp,filtrado,
651,udp,abierto|filtrado,
652,tcp,filtrado,
652,udp,abierto|filtrado,
653,tcp,filtrado,
653,udp,abierto|filtrado,
654,tcp,filtrado,
654,udp,abierto|filtrado,
655,tcp,filtrado,
655,udp,abierto|filtrado,
656,tcp,filtrado,
656,udp,abierto|filtrado,
657,tcp,filtrado,
657,udp,abierto|filtrado,
658,tcp,filtrado,
658,udp,abierto|filtrado,
659,tcp,filtrado,
659,udp,abierto|filtrado,
660,tcp,filtrado,
660,udp,abierto|filtrado,
661,tcp,filtrado,
661,udp,abierto|filtrado,
662,tcp,filtrado,
662,udp,abierto|filtrado,
663,tcp,filtrado,
663,udp,abierto|filtrado,
664,tcp,filtrado,
664,udp,abierto|filtrado,
665,tcp,filtrado,
665,udp,abierto|filtrado,
666,tcp,filtrado,
666,udp,abierto|filtrado,
667,tcp,filtrado,
667,udp,abierto|filtrado,
668,tcp,filtrado,
668,udp,abierto|filtrado,
669,tcp,filtrado,
669,udp,abierto|filtrado,
670,tcp,filtrado,
670,udp,abierto|filtrado,
671,tcp,filtrado,
671,udp,abierto|filtrado,
672,tcp,filtrado,
672,udp,abierto|filtrado,
673,tcp,filtrado,
673,udp,abierto|filtrado,
674,tcp,filtrado,
674,udp,abierto|filtrado,
675,tcp,filtrado,
675,udp,abierto|filtrado,
676,tcp,filtrado,
676,udp,abierto|filtrado,
677,tcp,filtrado,
677,udp,abierto|filtrado,
678,tcp,filtrado,
678,udp,abierto|filtrado,
679,tcp,filtrado,
679,udp,abierto|filtrado,
680,tcp,filtrado,
680,udp,abierto|filtrado,
681,tcp,filtrado,
681,udp,abierto|filtrado,
682,tcp,filtrado,
682,udp,abierto|filtrado,
683,tcp,filtrado,
683,udp,abierto|filtrado,
684,tcp,filtrado,
684,udp,abierto|filtrado,
685,tcp,filtrado,
685,udp,abierto|filtrado,
686,tcp,filtrado,
686,udp,abierto|filtrado,
687,tcp,filtrado,
687,udp,abierto|filtrado,
688,tcp,filtrado,
688,udp,abierto|filtrado,
689,tcp,filtrado,
689,udp,abierto|filtrado,
690,tcp,filtrado,
690,udp,abierto|filtrado,
691,tcp,filtrado,
691,udp,abierto|filtrado,
692,tcp,filtrado,
692,udp,abierto|filtrado,
693,tcp,filtrado,
693,udp,abierto|filtrado,
694,tcp,filtrado,
694,udp,abierto|filtrado,
695,tcp,filtrado,
695,udp,abierto|filtrado,
696,tcp,filtrado,
696,udp,abierto|filtrado,
697,tcp,filtrado,
697,udp,abierto|filtrado,
698,tcp,filtrado,
698,udp,abierto|filtrado,
699,tcp,filtrado,
699,udp,abierto|filtrado,
700,tcp,filtrado,
700,udp,abierto|filtrado,
701,tcp,filtrado,
701,udp,abierto|filtrado,
702,tcp,filtrado,
702,udp,abierto|filtrado,
703,tcp,filtrado,
703,udp,abierto|filtrado,
704,tcp,filtrado,
704,udp,abierto|filtrado,
705,tcp,filtrado,
705,udp,abierto|filtrado,
706,tcp,filtrado,
706,udp,abierto|filtrado,
707,tcp,filtrado,
707,udp,abierto|filtrado,
708,tcp,filtrado,
708,udp,abierto|filtrado,
709,tcp,filtrado,
709,udp,abierto|filtrado,
710,tcp,filtrado,
710,udp,abierto|filtrado,
711,tcp,filtrado,
711,udp,abierto|filtrado,
712,tcp,filtrado,
712,udp,abierto|filtrado,
713,tcp,filtrado,
713,udp,abierto|filtrado,
714,tcp,filtrado,
714,udp,abierto|filtrado,
715,tcp,filtrado,
715,udp,abierto|filtrado,
716,tcp,filtrado,
716,udp,abierto|filtrado,
717,tcp,filtrado,
717,udp,abierto|filtrado,
718,tcp,filtrado,
718,udp,abierto|filtrado,
719,tcp,filtrado,
719,udp,abierto|filtrado,
720,tcp,filtrado,
720,udp,abierto|filtrado,
721,tcp,filtrado,
721,udp,abierto|filtrado,
722,tcp,filtrado,
722,udp,abierto|filtrado,
723,tcp,filtrado,
723,udp,abierto|filtrado,
724,tcp,filtrado,
724,udp,abierto|filtrado,
725,tcp,filtrado,
725,udp,abierto|filtrado,
726,tcp,filtrado,
726,udp,abierto|filtrado,
727,tcp,filtrado,
727,udp,abierto|filtrado,
728,tcp,filtrado,
728,udp,abierto|filtrado,
729,tcp,filtrado,
729,udp,abierto|filtrado,
730,tcp,filtrado,
730,udp,abierto|filtrado,
731,tcp,filtrado,
731,udp,abierto|filtrado,
732,tcp,filtrado,
732,udp,abierto|filtrado,
733,tcp,filtrado,
733,udp,abierto|filtrado,
734,tcp,filtrado,
734,udp,abierto|filtrado,
735,tcp,filtrado,
735,udp,abierto|filtrado,
736,tcp,filtrado,
736,udp,abierto|filtrado,
737,tcp,filtrado,
737,udp,abierto|filtrado,
738,tcp,filtrado,
738,udp,abierto|filtrado,
739,tcp,filtrado,
739,udp,abierto|filtrado,
740,tcp,filtrado,
740,udp,abierto|filtrado,
741,tcp,filtrado,
741,udp,abierto|filtrado,
742,tcp,filtrado,
742,udp,abierto|filtrado,
743,tcp,filtrado,
743,udp,abierto|filtrado,
744,tcp,filtrado,
744,udp,abierto|filtrado,
745,tcp,filtrado,
745,udp,abierto|filtrado,
746,tcp,filtrado,
746,udp,abierto|filtrado,
747,tcp,filtrado,
747,udp,abierto|filtrado,
748,tcp,filtrado,
748,udp,abierto|filtrado,
749,tcp,filtrado,
749,udp,abierto|filtrado,
750,tcp,filtrado,
750,udp,abierto|filtrado,
751,tcp,filtrado,
751,udp,abierto|filtrado,
752,tcp,filtrado,
752,udp,abierto|filtrado,
753,tcp,filtrado,
753,udp,abierto|filtrado,
754,tcp,filtrado,
754,udp,abierto|filtrado,
755,tcp,filtrado,
755,udp,abierto|filtrado,
756,tcp,filtrado,
756,udp,abierto|filtrado,
757,tcp,filtrado,
757,udp,abierto|filtrado,
758,tcp,filtrado,
758,udp,abierto|filtrado,
759,tcp,filtrado,
759,udp,abierto|filtrado,
760,tcp,filtrado,
760,udp,abierto|filtrado,
761,tcp,filtrado,
761,udp,abierto|filtrado,
762,tcp,filtrado,
762,udp,abierto|filtrado,
763,tcp,filtrado,
763,udp,abierto|filtrado,
764,tcp,filtrado,
764,udp,abierto|filtrado,
765,tcp,filtrado,
765,udp,abierto|filtrado,
766,tcp,filtrado,
766,udp,abierto|filtrado,
767,tcp,filtrado,
767,udp,abierto|filtrado,
768,tcp,filtrado,
768,udp,abierto|filtrado,
769,tcp,filtrado,
769,udp,abierto|filtrado,
770,tcp,filtrado,
770,udp,abierto|filtrado,
771,tcp,filtrado,
771,udp,abierto|filtrado,
772,tcp,filtrado,
772,udp,abierto|filtrado,
773,tcp,filtrado,
773,udp,abierto|filtrado,
774,tcp,filtrado,
774,udp,abierto|filtrado,
775,tcp,filtrado,
775,udp,abierto|filtrado,
776,tcp,filtrado,
776,udp,abierto|filtrado,
777,tcp,filtrado,
777,udp,abierto|filtrado,
778,tcp,filtrado,
778,udp,abierto|filtrado,
779,tcp,filtrado,
779,udp,abierto|filtrado,
780,tcp,filtrado,
780,udp,abierto|filtrado,
781,tcp,filtrado,
781,udp,abierto|filtrado,
782,tcp,filtrado,
782,udp,abierto|filtrado,
783,tcp,filtrado,
783,udp,abierto|filtrado,
784,tcp,filtrado,
784,udp,abierto|filtrado,
785,tcp,filtrado,
785,udp,abierto|filtrado,
786,tcp,filtrado,
786,udp,abierto|filtrado,
787,tcp,filtrado,
787,udp,abierto|filtrado,
788,tcp,filtrado,
788,udp,abierto|filtrado,
789,tcp,filtrado,
789,udp,abierto|filtrado,
790,tcp,filtrado,
790,udp,abierto|filtrado,
791,tcp,filtrado,
791,udp,abierto|filtrado,
792,tcp,filtrado,
792,udp,abierto|filtrado,
793,tcp,filtrado,
793,udp,abierto|filtrado,
794,tcp,filtrado,
794,udp,abierto|filtrado,
795,tcp,filtrado,
795,udp,abierto|filtrado,
796,tcp,filtrado,
796,udp,abierto|filtrado,
797,tcp,filtrado,
797,udp,abierto|filtrado,
798,tcp,filtrado,
798,udp,abierto|filtrado,
799,tcp,filtrado,
799,udp,abierto|filtrado,
800,tcp,filtrado,
800,udp,abierto|filtrado,
801,tcp,filtrado,
801,udp,abierto|filtrado,
802,tcp,filtrado,
802,udp,abierto|filtrado,
803,tcp,filtrado,
803,udp,abierto|filtrado,
804,tcp,filtrado,
804,udp,abierto|filtrado,
805,tcp,filtrado,
805,udp,abierto|filtrado,
806,tcp,filtrado,
806,udp,abierto|filtrado,
807,tcp,filtrado,
807,udp,abierto|filtrado,
808,tcp,filtrado,
808,udp,abierto|filtrado,
809,tcp,filtrado,
809,udp,abierto|filtrado,
810,tcp,filtrado,
810,udp,abierto|filtrado,
811,tcp,filtrado,
811,udp,abierto|filtrado,
812,tcp,filtrado,
812,udp,abierto|filtrado,
813,tcp,filtrado,
813,udp,abierto|filtrado,
814,tcp,filtrado,
814,udp,abierto|filtrado,
815,tcp,filtrado,
815,udp,abierto|filtrado,
816,tcp,filtrado,
816,udp,abierto|filtrado,
817,tcp,filtrado,
817,udp,abierto|filtrado,
818,tcp,filtrado,
818,udp,abierto|filtrado,
819,tcp,filtrado,
819,udp,abierto|filtrado,
820,tcp,filtrado,
820,udp,abierto|filtrado,
821,tcp,filtrado,
821,udp,abierto|filtrado,
822,tcp,filtrado,
822,udp,abierto|filtrado,
823,tcp,filtrado,
823,udp,abierto|filtrado,
824,tcp,filtrado,
824,udp,abierto|filtrado,
825,tcp,filtrado,
825,udp,abierto|filtrado,
826,tcp,filtrado,
826,udp,abierto|filtrado,
827,tcp,filtrado,
827,udp,abierto|filtrado,
828,tcp,filtrado,
828,udp,abierto|filtrado,
829,tcp,filtrado,
829,udp,abierto|filtrado,
830,tcp,filtrado,
830,udp,abierto|filtrado,
831,tcp,filtrado,
831,udp,abierto|filtrado,
832,tcp,filtrado,
832,udp,abierto|filtrado,
833,tcp,filtrado,
833,udp,abierto|filtrado,
834,tcp,filtrado,
834,udp,abierto|filtrado,
835,tcp,filtrado,
835,udp,abierto|filtrado,
836,tcp,filtrado,
836,udp,abierto|filtrado,
837,tcp,filtrado,
837,udp,abierto|filtrado,
838,tcp,filtrado,
838,udp,abierto|filtrado,
839,tcp,filtrado,
839,udp,abierto|filtrado,
840,tcp,filtrado,
840,udp,abierto|filtrado,
841,tcp,filtrado,
841,udp,abierto|filtrado,
842,tcp,filtrado,
842,udp,abierto|filtrado,
843,tcp,filtrado,
843,udp,abierto|filtrado,
844,tcp,filtrado,
844,udp,abierto|filtrado,
845,tcp,filtrado,
845,udp,abierto|filtrado,
846,tcp,filtrado,
846,udp,abierto|filtrado,
847,tcp,filtrado,
847,udp,abierto|filtrado,
848,tcp,filtrado,
848,udp,abierto|filtrado,
849,tcp,filtrado,
849,udp,abierto|filtrado,
850,tcp,filtrado,
850,udp,abierto|filtrado,
851,tcp,filtrado,
851,udp,abierto|filtrado,
852,tcp,filtrado,
852,udp,abierto|filtrado,
853,tcp,filtrado,
853,udp,abierto|filtrado,
854,tcp,filtrado,
854,udp,abierto|filtrado,
855,tcp,filtrado,
855,udp,abierto|filtrado,
856,tcp,filtrado,
856,udp,abierto|filtrado,
857,tcp,filtrado,
857,udp,abierto|filtrado,
858,tcp,filtrado,
858,udp,abierto|filtrado,
859,tcp,filtrado,
859,udp,abierto|filtrado,
860,tcp,filtrado,
860,udp,abierto|filtrado,
861,tcp,filtrado,
861,udp,abierto|filtrado,
862,tcp,filtrado,
862,udp,abierto|filtrado,
863,tcp,filtrado,
863,udp,abierto|filtrado,
864,tcp,filtrado,
864,udp,abierto|filtrado,
865,tcp,filtrado,
865,udp,abierto|filtrado,
866,tcp,filtrado,
866,udp,abierto|filtrado,
867,tcp,filtrado,
867,udp,abierto|filtrado,
868,tcp,filtrado,
868,udp,abierto|filtrado,
869,tcp,filtrado,
869,udp,abierto|filtrado,
870,tcp,filtrado,
870,udp,abierto|filtrado,
871,tcp,filtrado,
871,udp,abierto|filtrado,
872,tcp,filtrado,
872,udp,abierto|filtrado,
873,tcp,filtrado,
873,udp,abierto|filtrado,
874,tcp,filtrado,
874,udp,abierto|filtrado,
875,tcp,filtrado,
875,udp,abierto|filtrado,
876,tcp,filtrado,
876,udp,abierto|filtrado,
877,tcp,filtrado,
877,udp,abierto|filtrado,
878,tcp,filtrado,
878,udp,abierto|filtrado,
879,tcp,filtrado,
879,udp,abierto|filtrado,
880,tcp,filtrado,
880,udp,abierto|filtrado,
881,tcp,filtrado,
881,udp,abierto|filtrado,
882,tcp,filtrado,
882,udp,abierto|filtrado,
883,tcp,filtrado,
883,udp,abierto|filtrado,
884,tcp,filtrado,
884,udp,abierto|filtrado,
885,tcp,filtrado,
885,udp,abierto|filtrado,
886,tcp,filtrado,
886,udp,abierto|filtrado,
887,tcp,filtrado,
887,udp,abierto|filtrado,
888,tcp,filtrado,
888,udp,abierto|filtrado,
889,tcp,filtrado,
889,udp,abierto|filtrado,
890,tcp,filtrado,
890,udp,abierto|filtrado,
891,tcp,filtrado,
891,udp,abierto|filtrado,
892,tcp,filtrado,
892,udp,abierto|filtrado,
893,tcp,filtrado,
893,udp,abierto|filtrado,
894,tcp,filtrado,
894,udp,abierto|filtrado,
895,tcp,filtrado,
895,udp,abierto|filtrado,
896,tcp,filtrado,
896,udp,abierto|filtrado,
897,tcp,filtrado,
897,udp,abierto|filtrado,
898,tcp,filtrado,
898,udp,abierto|filtrado,
899,tcp,filtrado,
899,udp,abierto|filtrado,
900,tcp,filtrado,
900,udp,abierto|filtrado,
901,tcp,filtrado,
901,udp,abierto|filtrado,
902,tcp,filtrado,
902,udp,abierto|filtrado,
903,tcp,filtrado,
903,udp,abierto|filtrado,
904,tcp,filtrado,
904,udp,abierto|filtrado,
905,tcp,filtrado,
905,udp,abierto|filtrado,
906,tcp,filtrado,
906,udp,abierto|filtrado,
907,tcp,filtrado,
907,udp,abierto|filtrado,
908,tcp,filtrado,
908,udp,abierto|filtrado,
909,tcp,filtrado,
909,udp,abierto|filtrado,
910,tcp,filtrado,
910,udp,abierto|filtrado,
911,tcp,filtrado,
911,udp,abierto|filtrado,
912,tcp,filtrado,
912,udp,abierto|filtrado,
913,tcp,filtrado,
913,udp,abierto|filtrado,
914,tcp,filtrado,
914,udp,abierto|filtrado,
915,tcp,filtrado,
915,udp,abierto|filtrado,
916,tcp,filtrado,
916,udp,abierto|filtrado,
917,tcp,filtrado,
917,udp,abierto|filtrado,
918,tcp,filtrado,
918,udp,abierto|filtrado,
919,tcp,filtrado,
919,udp,abierto|filtrado,
920,tcp,filtrado,
920,udp,abierto|filtrado,
921,tcp,filtrado,
921,udp,abierto|filtrado,
922,tcp,filtrado,
922,udp,abierto|filtrado,
923,tcp,filtrado,
923,udp,abierto|filtrado,
924,tcp,filtrado,
924,udp,abierto|filtrado,
925,tcp,filtrado,
925,udp,abierto|filtrado,
926,tcp,filtrado,
926,udp,abierto|filtrado,
927,tcp,filtrado,
927,udp,abierto|filtrado,
928,tcp,filtrado,
928,udp,abierto|filtrado,
929,tcp,filtrado,
929,udp,abierto|filtrado,
930,tcp,filtrado,
930,udp,abierto|filtrado,
931,tcp,filtrado,
931,udp,abierto|filtrado,
932,tcp,filtrado,
932,udp,abierto|filtrado,
933,tcp,filtrado,
933,udp,abierto|filtrado,
934,tcp,filtrado,
934,udp,abierto|filtrado,
935,tcp,filtrado,
935,udp,abierto|filtrado,
936,tcp,filtrado,
936,udp,abierto|filtrado,
937,tcp,filtrado,
937,udp,abierto|filtrado,
938,tcp,filtrado,
938,udp,abierto|filtrado,
939,tcp,filtrado,
939,udp,abierto|filtrado,
940,tcp,filtrado,
940,udp,abierto|filtrado,
941,tcp,filtrado,
941,udp,abierto|filtrado,
942,tcp,filtrado,
942,udp,abierto|filtrado,
943,tcp,filtrado,
943,udp,abierto|filtrado,
944,tcp,filtrado,
944,udp,abierto|filtrado,
945,tcp,filtrado,
945,udp,abierto|filtrado,
946,tcp,filtrado,
946,udp,abierto|filtrado,
947,tcp,filtrado,
947,udp,abierto|filtrado,
948,tcp,filtrado,
948,udp,abierto|filtrado,
949,tcp,filtrado,
949,udp,abierto|filtrado,
950,tcp,filtrado,
950,udp,abierto|filtrado,
951,tcp,filtrado,
951,udp,abierto|filtrado,
952,tcp,filtrado,
952,udp,abierto|filtrado,
953,tcp,filtrado,
953,udp,abierto|filtrado,
954,tcp,filtrado,
954,udp,abierto|filtrado,
955,tcp,filtrado,
955,udp,abierto|filtrado,
956,tcp,filtrado,
956,udp,abierto|filtrado,
957,tcp,filtrado,
957,udp,abierto|filtrado,
958,tcp,filtrado,
958,udp,abierto|filtrado,
959,tcp,filtrado,
959,udp,abierto|filtrado,
960,tcp,filtrado,
960,udp,abierto|filtrado,
961,tcp,filtrado,
961,udp,abierto|filtrado,
962,tcp,filtrado,
962,udp,abierto|filtrado,
963,tcp,filtrado,
963,udp,abierto|filtrado,
964,tcp,filtrado,
964,udp,abierto|filtrado,
965,tcp,filtrado,
965,udp,abierto|filtrado,
966,tcp,filtrado,
966,udp,abierto|filtrado,
967,tcp,filtrado,
967,udp,abierto|filtrado,
968,tcp,filtrado,
968,udp,abierto|filtrado,
969,tcp,filtrado,
969,udp,abierto|filtrado,
970,tcp,filtrado,
970,udp,abierto|filtrado,
971,tcp,filtrado,
971,udp,abierto|filtrado,
972,tcp,filtrado,
972,udp,abierto|filtrado,
973,tcp,filtrado,
973,udp,abierto|filtrado,
974,tcp,filtrado,
974,udp,abierto|filtrado,
975,tcp,filtrado,
975,udp,abierto|filtrado,
976,tcp,filtrado,
976,udp,abierto|filtrado,
977,tcp,filtrado,
977,udp,abierto|filtrado,
978,tcp,filtrado,
978,udp,abierto|filtrado,
979,tcp,filtrado,
979,udp,abierto|filtrado,
980,tcp,filtrado,
980,udp,abierto|filtrado,
981,tcp,filtrado,
981,udp,abierto|filtrado,
982,tcp,filtrado,
982,udp,abierto|filtrado,
983,tcp,filtrado,
983,udp,abierto|filtrado,
984,tcp,filtrado,
984,udp,abierto|filtrado,
985,tcp,filtrado,
985,udp,abierto|filtrado,
986,tcp,filtrado,
986,udp,abierto|filtrado,
987,tcp,filtrado,
987,udp,abierto|filtrado,
988,tcp,filtrado,
988,udp,abierto|filtrado,
989,tcp,filtrado,
989,udp,abierto|filtrado,
990,tcp,filtrado,
990,udp,abierto|filtrado,
991,tcp,filtrado,
991,udp,abierto|filtrado,
992,tcp,filtrado,
992,udp,abierto|filtrado,
993,tcp,filtrado,
993,udp,abierto|filtrado,
994,tcp,filtrado,
994,udp,abierto|filtrado,
995,tcp,filtrado,
995,udp,abierto|filtrado,
996,tcp,filtrado,
996,udp,abierto|filtrado,
997,tcp,filtrado,
997,udp,abierto|filtrado,
998,tcp,filtrado,
998,udp,abierto|filtrado,
999,tcp,filtrado,
999,udp,abierto|filtrado,
1000,tcp,filtrado,
1000,udp,abierto|filtrado,
1001,tcp,filtrado,
1001,udp,abierto|filtrado,
1002,tcp,filtrado,
1002,udp,abierto|filtrado,
1003,tcp,filtrado,
1003,udp,abierto|filtrado,
1004,tcp,filtrado,
1004,udp,abierto|filtrado,
1005,tcp,filtrado,
1005,udp,abierto|filtrado,
1006,tcp,filtrado,
1006,udp,abierto|filtrado,
1007,tcp,filtrado,
1007,udp,abierto|filtrado,
1008,tcp,filtrado,
1008,udp,abierto|filtrado,
1009,tcp,filtrado,
1009,udp,abierto|filtrado,
1010,tcp,filtrado,
1010,udp,abierto|filtrado,
1011,tcp,filtrado,
1011,udp,abierto|filtrado,
1012,tcp,filtrado,
1012,udp,abierto|filtrado,
1013,tcp,filtrado,
1013,udp,abierto|filtrado,
1014,tcp,filtrado,
1014,udp,abierto|filtrado,
1015,tcp,filtrado,
1015,udp,abierto|filtrado,
1016,tcp,filtrado,
1016,udp,abierto|filtrado,
1017,tcp,filtrado,
1017,udp,abierto|filtrado,
1018,tcp,filtrado,
1018,udp,abierto|filtrado,
1019,tcp,filtrado,
1019,udp,abierto|filtrado,
1020,tcp,filtrado,
1020,udp,abierto|filtrado,
1021,tcp,filtrado,
1021,udp,abierto|filtrado,
1022,tcp,filtrado,
1022,udp,abierto|filtrado,
1023,tcp,filtrado,
1023,udp,abierto|filtrado,
1024,tcp,filtrado,
1024,udp,abierto|filtrado,
